{
  "runner_data": {
    "launch_web_server": false,
    "_global_time_limit": Infinity,
    "_total_time": 10280.497345924377,
    "_verbose": 1,
    "_metadata_checkpoint_dir": "/home/raoul/results/1",
    "_iteration": 1663,
    "_queue_trials": false,
    "_server_port": 4321
  },
  "checkpoints": [
    {
      "checkpoint_freq": 0,
      "result_logger": null,
      "error_file": null,
      "config": "8004950b020000000000007d948c03636667947d94288c18626173656c696e655f645f68696464656e5f6c6179657273945d944b20618c08656e765f6e616d65948c12506f6e674e6f4672616d65736b69702d7634948c076e5f7374657073944a00093d008c0a6d6f64656c5f6e616d65948c03767067948c136167656e745f6c6561726e696e675f7261746594473f1a36e2eb1c432d8c167265776172645f646973636f756e745f666163746f7294473fefae147ae147ae8c116578706572696d656e745f666f6c646572948c152f686f6d652f72616f756c2f726573756c74732f31948c156167656e745f645f68696464656e5f6c6179657273945d944b20618c16626173656c696e655f6c6561726e696e675f7261746594473f1a36e2eb1c432d8c096761655f6c616d646194473fef0a3d70a3d70a8c08626173656c696e65948c107368617265645f616476616e74616765948c07766572626f736594898c0473656564944b008c176167656e745f6275666665725f73746172745f73697a65944d10278c0b676c6f62616c5f73746570944b008c0a62617463685f73697a65944b088c0a61637469766174696f6e948c0472656c75948c1a7570646174655f7461726765745f6e6574776f726b5f66726571944de8038c086c6f675f73746570944de8038c09736176655f66726571944a20a107008c116167656e745f6275666665725f73697a65944aa086010075732e",
      "last_debug": 1556388678.2094333,
      "verbose": 1,
      "trial_name": null,
      "custom_loggers": "80049502000000000000004e2e",
      "max_failures": 3,
      "resources": {
        "gpu": 1,
        "extra_cpu": 0,
        "cpu": 1,
        "extra_gpu": 0
      },
      "status": "ERROR",
      "last_result": "800495c5030000000000007d94288c1774696d6573746570735f73696e63655f726573746f7265944d7e068c096d65616e5f6c6f73739447bff00000000000008c1274696d655f73696e63655f726573746f7265944740c4143fa90800008c0e657069736f6465735f746f74616c944e8c0f74696d6573746570735f746f74616c944d7e068c04646f6e6594898c076e6f64655f6970948c0b31302e3133322e302e3231948c1074696d655f746869735f697465725f73944740165f32700000008c18697465726174696f6e735f73696e63655f726573746f7265944d7e068c1374696d6573746570735f746869735f69746572944b018c08686f73746e616d65948c0364726c948c0974696d657374616d70944a469bc45c8c0d6e65675f6d65616e5f6c6f737394473ff00000000000008c0464617465948c13323031392d30342d32375f31382d31312d3138948c06636f6e666967947d948c03636667947d94288c18626173656c696e655f645f68696464656e5f6c6179657273945d944b20618c08656e765f6e616d65948c12506f6e674e6f4672616d65736b69702d7634948c076e5f7374657073944a00093d008c086c6f675f73746570944de8038c136167656e745f6c6561726e696e675f7261746594473f1a36e2eb1c432d8c167265776172645f646973636f756e745f666163746f7294473fefae147ae147ae8c116578706572696d656e745f666f6c646572948c152f686f6d652f72616f756c2f726573756c74732f31948c156167656e745f645f68696464656e5f6c6179657273945d944b20618c08626173656c696e65948c107368617265645f616476616e74616765948c16626173656c696e655f6c6561726e696e675f7261746594473f1a36e2eb1c432d8c0b676c6f62616c5f73746570944b008c0a6d6f64656c5f6e616d65948c03767067948c07766572626f736594898c09736176655f66726571944a20a107008c176167656e745f6275666665725f73746172745f73697a65944d10278c096761655f6c616d646194473fef0a3d70a3d70a8c0a62617463685f73697a65944b088c116167656e745f6275666665725f73697a65944aa08601008c1a7570646174655f7461726765745f6e6574776f726b5f66726571944de8038c0473656564944b008c0a61637469766174696f6e948c0472656c759475738c12747261696e696e675f697465726174696f6e944d7e068c03706964944d6d358c0d6578706572696d656e745f6964948c203337616463646564643234303436643838656430306664313430633739376263948c0c74696d655f746f74616c5f73944740c4143fa9080000752e",
      "num_failures": 0,
      "_checkpoint": "80049552000000000000008c0e7261792e74756e652e747269616c948c0a436865636b706f696e749493942981947d94288c0773746f72616765948c046469736b948c0576616c7565944e8c0b6c6173745f726573756c74944e75622e",
      "runner": null,
      "upload_dir": "",
      "logdir": "/home/raoul/results/1/Model_0_cfg={'baseline_d_hidden_layers': [32], 'env_name': 'PongNoFrameskip-v4', 'n_steps': 4000000, 'model_name': 'vpg', 'agent_l_2019-04-27_15-19-38mdd9j9us",
      "checkpoint_at_end": false,
      "local_dir": "/home/raoul/results/1",
      "experiment_tag": "0_cfg={'baseline_d_hidden_layers': [32], 'env_name': 'PongNoFrameskip-v4', 'n_steps': 4000000, 'model_name': 'vpg', 'agent_learning_rate': 0.0001, 'reward_discount_factor': 0.99, 'experiment_folder': '_home_raoul_results_1', 'agent_d_hidden_layers': [32], 'baseline_learning_rate': 0.0001, 'gae_lamda': 0.97, 'baseline': 'shared_advantage', 'verbose': False, 'seed': 0, 'agent_buffer_start_size': 10000, 'global_step': 0, 'batch_size': 8, 'activation': 'relu', 'update_target_network_freq': 1000, 'log_step': 1000, 'save_freq': 500000, 'agent_buffer_size': 100000}",
      "trainable_name": "Model",
      "stopping_criterion": {
        "timesteps_total": 4000
      },
      "last_update_time": 1556388678.2094405,
      "export_formats": [],
      "sync_function": "80049502000000000000004e2e",
      "__logger_started__": false,
      "trial_id": "26d9034c"
    }
  ]
}